Filename,Column Count
01-MFCC.csv,1.89
02-MFCC.csv,1.79
03-MFCC.csv,4.74
04-MFCC.csv,3.7
05-MFCC.csv,4.09
06-MFCC.csv,6.14
07-MFCC.csv,3.47
08-MFCC.csv,4.34
09-MFCC.csv,5.23
10-MFCC.csv,5.77
11-MFCC.csv,3.66
12-MFCC.csv,5.92
13-MFCC.csv,6.39
14-MFCC.csv,3.17
15-MFCC.csv,6.11
16-MFCC.csv,2.21
17-MFCC.csv,1.94
18-MFCC.csv,3.22
19-MFCC.csv,3.92
20-MFCC.csv,4.91
21-MFCC.csv,5.78
22-MFCC.csv,3.67
23-MFCC.csv,6.28
24-MFCC.csv,4.86
25-MFCC.csv,3.59
26-MFCC.csv,3.45
27-MFCC.csv,1.8
28-MFCC.csv,4.17
29-MFCC.csv,3.48
30-MFCC.csv,4.66
31-MFCC.csv,2.1
32-MFCC.csv,4.24
33-MFCC.csv,3.6
34-MFCC.csv,7.7
35-MFCC.csv,1.78
36-MFCC.csv,6.38
37-MFCC.csv,3.24
38-MFCC.csv,6.28
39-MFCC.csv,3.32
40-MFCC.csv,5.6
41-MFCC.csv,3.27
42-MFCC.csv,3.5
43-MFCC.csv,2.97
44-MFCC.csv,7.0
45-MFCC.csv,6.78
46-MFCC.csv,4.37
47-MFCC.csv,4.82
48-MFCC.csv,5.41
49-MFCC.csv,3.76
50-MFCC.csv,4.87
51-MFCC.csv,3.34
52-MFCC.csv,5.45
53-MFCC.csv,5.43
54-MFCC.csv,4.3
55-MFCC.csv,4.2
56-MFCC.csv,3.51
57-MFCC.csv,4.22
58-MFCC.csv,3.46
59-MFCC.csv,2.61
60-MFCC.csv,4.31
61-MFCC.csv,1.78
62-MFCC.csv,3.36
63-MFCC.csv,3.37
64-MFCC.csv,3.33
65-MFCC.csv,3.89
66-MFCC.csv,1.94
67-MFCC.csv,1.81
68-MFCC.csv,3.09
69-MFCC.csv,5.72
70-MFCC.csv,5.23
71-MFCC.csv,6.8
72-MFCC.csv,3.73
73-MFCC.csv,3.99
74-MFCC.csv,4.28
75-MFCC.csv,1.16
76-MFCC.csv,3.79
77-MFCC.csv,3.64
78-MFCC.csv,4.19
79-MFCC.csv,4.58
80-MFCC.csv,6.26
81-MFCC.csv,1.77
82-MFCC.csv,5.29
83-MFCC.csv,5.0
84-MFCC.csv,3.45
85-MFCC.csv,3.58
86-MFCC.csv,5.97
87-MFCC.csv,1.77
88-MFCC.csv,4.87
89-MFCC.csv,6.43
90-MFCC.csv,1.79
91-MFCC.csv,3.86
92-MFCC.csv,4.41
93-MFCC.csv,3.78
94-MFCC.csv,5.82
95-MFCC.csv,1.77
96-MFCC.csv,5.3
97-MFCC.csv,4.68
98-MFCC.csv,5.54
99-MFCC.csv,3.86
100-MFCC.csv,3.05
101-MFCC.csv,3.46
102-MFCC.csv,3.62
103-MFCC.csv,6.59
104-MFCC.csv,6.63
105-MFCC.csv,2.68
106-MFCC.csv,4.64
107-MFCC.csv,2.24
108-MFCC.csv,1.78
109-MFCC.csv,5.28
110-MFCC.csv,4.73
111-MFCC.csv,4.7
112-MFCC.csv,3.32
113-MFCC.csv,5.47
114-MFCC.csv,5.76
115-MFCC.csv,4.99
116-MFCC.csv,1.31
jana-gana-mana-MFCC.csv,1.86
